company,title,location,department,salary,duration,summary,key_requirements,apply_url,source_provider,source_board
Gearset,"Mid-Level Full-Stack Software Engineer (C#/.NET, React)","Cambridge, United Kingdom",Software Engineering,,Full-time,"Gearset is the leading DevOps platform for Salesforce - our users can build and manage many aspects of their Salesforce development from within Gearset, from complex CI/CD pipelines to disaster recovery. The Gearset platform is a standalone tool that sits outside of the Salesforce platform, integrating via public APIs only.","Enhance and extend existing features, and collaborate with the rest of the development team to spec, design and build new features end-to-end. | Share your expertise and learn from a diverse team, fostering a culture of collaboration and continuous growth. | Engage directly with users—understanding their challenges, gathering feedback, and shaping features that truly make a difference. | Contribute opinions on a range of topics, from development practices to product strategy and roadmap, to impact business decisions. | A pragmatic approach to working, prioritising iteration and delivering value to customers, over process and deliberation | Previous experience as a full-stack engineer",https://jobs.lever.co/gearset/cc62390e-9a8b-40c5-9cb2-5ecc34f9ad0a,lever,gearset
Gearset,"Senior Full-Stack Software Engineer (C#/.NET, React)","Cambridge, United Kingdom",Software Engineering,,Full-time,"Gearset is the leading DevOps platform for Salesforce - our users can build and manage many aspects of their Salesforce development from within Gearset, from complex CI/CD pipelines to disaster recovery. The Gearset platform is a standalone tool that sits outside of the Salesforce platform, integrating via public APIs only.","Enhance and expand our platform, collaborating with the rest of the development team to design and build new features end-to-end. | Share your expertise and learn from a diverse team, fostering a culture of collaboration and continuous growth. | Engage directly with users—understanding their challenges, gathering feedback, and shaping features that truly make a difference. | Play a key role in shaping development best practices, driving technical excellence, and influencing the future of our product and roadmap. | A pragmatic approach to working, prioritising iteration and delivering value to customers, over process and deliberation | Previous experience as a full-stack engineer, including experience working directly with customers",https://jobs.lever.co/gearset/0f7a7bbc-1e02-48d4-83d0-02736a2448ec,lever,gearset
Gearset,"Senior Full-Stack Software Engineer (C#/.NET, React)","Belfast, United Kingdom",Software Engineering,,Full-time,"Gearset is the leading DevOps platform for Salesforce - our users can build and manage many aspects of their Salesforce development from within Gearset, from complex CI/CD pipelines to disaster recovery. The Gearset platform is a standalone tool that sits outside of the Salesforce platform, integrating via public APIs only.","Enhance and expand our platform, collaborating with the rest of the development team to design and build new features end-to-end. | Share your expertise and learn from a diverse team, fostering a culture of collaboration and continuous growth. | Engage directly with users—understanding their challenges, gathering feedback, and shaping features that truly make a difference. | Play a key role in shaping development best practices, advancing technical excellence, and contributing to the future of our product and roadmap. | A collaborative approach to working, prioritising iteration and delivering value to customers, over process and deliberation | Previous experience as a full-stack engineer, including experience working directly with customers",https://jobs.lever.co/gearset/252a6a81-25a2-4b2f-abef-0c9110eadf25,lever,gearset
Gearset,"Senior Full-Stack Software Engineer (C#/.NET, React)","Remote, United Kingdom",Software Engineering,,Full-time,"Gearset is the leading DevOps platform for Salesforce - our users can build and manage many aspects of their Salesforce development from within Gearset, from complex CI/CD pipelines to disaster recovery. The Gearset platform is a standalone tool that sits outside of the Salesforce platform, integrating via public APIs only.","Enhance and expand our platform, collaborating with the rest of the development team to design and build new features end-to-end. | Share your expertise and learn from a diverse team, fostering a culture of collaboration and continuous growth. | Engage directly with users—understanding their challenges, gathering feedback, and shaping features that truly make a difference. | Play a key role in shaping development best practices, driving technical excellence, and influencing the future of our product and roadmap. | A pragmatic approach to working, prioritising iteration and delivering value to customers, over process and deliberation | Previous experience as a full-stack engineer, including experience working directly with customers",https://jobs.lever.co/gearset/76622027-f81c-4308-b8f6-83e12d0072ad,lever,gearset
StarCompliance,Devops Engineer UK,"Remote, United Kingdom",,,Regular - Full-time,"Location: Candidates MUST be UK based
About StarCompliance
StarCompliance is on a mission to make compliance simple and easy. Trusted globally by enterprise financial institutions, the user-friendly STAR platform empowers organizations to achieve regulatory compliance while safeguarding their integrity and business reputations.","Experience with CI/CD tooling and automated deployment pipelines. | Strong working knowledge of cloud platforms, ideally Microsoft Azure. | Experience with Infrastructure as Code tools and concepts. | Familiarity with modern software delivery and DevOps practices. | Scripting or automation experience is desirable. | Experience in a high-level programming language such as .NET core is highly beneficial.",https://jobs.lever.co/starcompliance/88350781-4c33-461b-8890-a8a40366d936,lever,starcompliance
StarCompliance,Platform Quality Engineer (SDET),"Remote, United Kingdom",,,Regular - Full-time,"About StarCompliance
StarCompliance is on a mission to make compliance simple and easy. Trusted globally by enterprise financial institutions, the user-friendly STAR platform empowers organizations to achieve regulatory compliance while safeguarding their integrity and business reputations.","Demonstrable experience in platform- or enterprise-scale SaaS application quality assurance, with a focus on validating integration, non-functional characteristics, and release readiness across distributed systems. | Strong coding skills in one or more o f C#, TypeScript, or Python , with the ability to write clean, maintainable, production-quality code. | Demonstrated experience designing and maintaining automated tests at the integration and API layers for distributed, cloud-native systems. | Solid understanding of cloud-native architectures and how to test them, including messaging, asynchronous processing, retries, ordering, and failure handling | Hands-on experience testing event-driven systems using cloud messaging or integration technologies (e.g. Azure Service Bus, Kafka, SNS/SQS, or similar). | Strong hands-on experience with performance testing tools and approaches (e.g. k6, JMeter, Gatling, or similar).",https://jobs.lever.co/starcompliance/2bf7c725-2ed2-4d02-bece-219ca83cec80,lever,starcompliance
StarCompliance,Software Engineer,"York, United Kingdom, Hybrid",,,Regular - Full-time,"Role
At StarCompliance, we build technology that helps our clients meet complex regulatory obligations. We do this through strong engineering, thoughtful collaboration, and a shared commitment to doing the right thing.","Experience working as part of a collaborative software development team. | Experience contributing to a shared codebase using version control. | Hands-on experience with Microsoft .NET and C# . | Understanding of object-oriented programming concepts. | Experience working with relational databases and basic SQL. | Experience with web technologies such as JavaScript, HTML, and CSS.",https://jobs.lever.co/starcompliance/fb9eb934-0c2a-407d-890f-21eff584cd37,lever,starcompliance
Monzo,Backend Engineer III,"Cardiff, London or Remote (UK)",Engineering,"£78,000 - £110,000",,Were on a mission to make money work for everyone. Were waving goodbye to the complicated and confusing ways of traditional banking.,"Together you'll build and support a particular part of Monzo. Our squads belong to our wider collectives (a word we use to describe self-governing business units of ~100 people). They are: Core Banking, Business Banking, Wealth, Borrowing, Growth, Payments, Platform, Fincrime, Security & Expansion. All of our collectives are doing innovative work, many of which have machine learning and AI at the forefront- from fighting financial crime to building smarter financial tools - and you may have the opportunity to join a collective that gives you direct exposure to this exciting space. | Theyre all looking for additional Backend Engineers right now, we do a standard interview process across all our collectives and at the end we will find the best match for you based on your skills, experience, preferences and aligning with the business need! | Our backend engineers have a variety of different backgrounds. As long as you enjoy learning new things, wed love to talk to you. We do not ask for formal qualifications or degree requirements for any of our engineering roles. | We value meeting in person but theres no pressure to come into the office, even if you're nearby. We believe you'll do your best work if you are where you want to be. If you live outside of London and we ask you to come into the office, Monzo will support you with the costs. | you have strong experience working on the backend of a technology product | you have a product mindset: you care about customer outcomes and you want to make data-informed decisions",https://job-boards.greenhouse.io/monzo/jobs/6635595,greenhouse,monzo
Monzo,Engineering Manager,"Cardiff, London or Remote (UK)",Engineering,"£110,500 - £145,000",,Were on a mission to make money work for everyone. Were waving goodbye to the complicated and confusing ways of traditional banking.,"While this is not a role which requires hands-on-coding, we are looking for an experienced manager who has a strong technical and delivery background and | Its a bonus if you have experience working in an experimentation led environment. | We value meeting in person but theres no pressure to come into the office, even if you're nearby. We believe you'll do your best work if you are where you want to be. If you live outside of London and we ask you to come into the office, Monzo will support you with the costs. | You'll meet with one of our Senior Engineering Managers or Engineering Directors. They'll ask you about your previous experience, in particular people leadership, product delivery and technical leadership. Theyll ask example based questions (Tell me about a time when) | You'll partner with a Staff or Principal Engineer on a technical whiteboarding exercise. | All things going well, you'll have completed the hiring process",https://job-boards.greenhouse.io/monzo/jobs/5018066,greenhouse,monzo
Monzo,Platform Engineer,"Cardiff, London or Remote (UK)",Engineering,"£95,000 - £130,000",,Were on a mission to make money work for everyone. Were waving goodbye to the complicated and confusing ways of traditional banking.,"The Infrastructure Platform team sit within the Platform Collective and are responsible for running the Kubernetes clusters, service mesh and networking that all of Monzo's microservices run on. Our team is made up of backend engineers and cloud infrastructure experts, using our experience and software engineering skills to solve problems and manage our cloud infrastructure. | We value meeting in person but theres no pressure to come into the office, even if you're nearby. We believe you'll do your best work if you are where you want to be. If you live outside of London and we ask you to come into the office, Monzo will support you with the costs. | As a Platform Engineer at Monzo, you will work across the full breadth of our core infrastructure and application platform. This role involves a | To succeed in this role, you will need a strong background in both modern platform tooling and practical software development. | You have significant professional experience in | You have hands-on experience working with",https://job-boards.greenhouse.io/monzo/jobs/6699672,greenhouse,monzo
Monzo,"Platform Engineer, Machine Learning","Cardiff, London or Remote (UK); London",Engineering,"£78,000 - £110,000",,Were on a mission to make money work for everyone. Were waving goodbye to the complicated and confusing ways of traditional banking.,"We value meeting in person but theres no pressure to come into the office, even if you're nearby. We believe you'll do your best work if you are where you want to be. If you live outside of London and we ask you to come into the office, Monzo will support you with the costs. | You have experience working with AWS and/or GCP | You are a hands on engineer with experience in building Machine Learning pipelines and the platforms that support them | You have experience working with Kubernetes | You have some experience with strongly typed languages, writing and working on backend software | we will interview you across the whole frame work, so if you are not sure what level you are aiming for please chat to your recruiters!",https://job-boards.greenhouse.io/monzo/jobs/7118972,greenhouse,monzo
Monzo,Senior Backend Engineer,"Cardiff, London or Remote (UK)",Engineering,"£95,000 - £130,000",,Were on a mission to make money work for everyone. Were waving goodbye to the complicated and confusing ways of traditional banking.,"Together you'll build and support a particular part of Monzo. Our squads belong to our wider collectives (a word we use to describe self-governing business units of ~100 people). They are: Core Banking, Business Banking, Wealth, Borrowing, Growth, Payments, Platform, Fincrime, Security & Expansion. All of our collectives are doing innovative work, many of which have machine learning and AI at the forefront- from fighting financial crime to building smarter financial tools - and you may have the opportunity to join a collective that gives you direct exposure to this exciting space. | Theyre all looking for additional Backend Engineers right now, we do a standard interview process across all our collectives and at the end we will find the best match for you based on your skills, experience, preferences and aligning with the business need! | Our backend engineers have a variety of different backgrounds. As long as you enjoy learning new things, wed love to talk to you. We do not ask for formal qualifications or degree requirements for any of our engineering roles. | We value meeting in person but theres no pressure to come into the office, even if you're nearby. We believe you'll do your best work if you are where you want to be. If you live outside of London and we ask you to come into the office, Monzo will support you with the costs. | you have strong experience working on the backend of a technology product | you have a product mindset: you care about customer outcomes and you want to make data-informed decisions",https://job-boards.greenhouse.io/monzo/jobs/6635837,greenhouse,monzo
Monzo,Senior Engineering Manager,"Cardiff, London or Remote (UK)",Engineering,"£130,000 - £165,000",,Were on a mission to make money work for everyone. Were waving goodbye to the complicated and confusing ways of traditional banking.,"This role is for a Senior Engineering Manager where youll be a manager of managers. You will be leading across multiple teams in an org of around 20-30 people. Were expanding and your role as the Senior EM will be to grow and build new squads as needed. Your direct reports will include Tech Leads, Senior Engineers and 2-3 Engineering Managers. | While this is not a role which requires hands-on-coding, we are looking for an experienced manager who has a strong technical and delivery background and has worked as a software engineer in previous roles. | We value meeting in person but theres no pressure to come into the office, even if you're nearby. We believe you'll do your best work if you are where you want to be. If you live outside of London and we ask you to come into the office, Monzo will support you with the costs. | You'll meet with one of our Senior Engineering Managers or Engineering Directors. They'll ask you about your previous experience, in particular people leadership, product delivery and technical leadership. Theyll ask example based questions (Tell me about a time when) | You'll partner with a Staff or Principal Engineer on a technical whiteboarding exercise. | All things going well, you'll have completed the hiring process",https://job-boards.greenhouse.io/monzo/jobs/6394676,greenhouse,monzo
Monzo,"Senior Staff Software Engineer, AI Customer Operations","Cardiff, London or Remote (UK)",Engineering,"£135,000 - £184,000",,Were on a mission to make money work for everyone. Were waving goodbye to the complicated and confusing ways of traditional banking.,"A Senior Staff Engineer at Monzo is a technical (IC) leadership position. You will have company-wide influence, working with other collectives to grow Monzo. | Expect to be hands on and deeply technical with code and infrastructure, using your software engineering and system building skills and expertise to lean in and solve deep technical challenges | To succeed in this role, you will need a strong background in both modern platform tooling and practical software development. | You have significant professional experience in | You have experience in solving human + tech problems at scale. | You are naturally inclined to solve customer problems through a platform mindset that allows solutions to scale across the company.",https://job-boards.greenhouse.io/monzo/jobs/7613712,greenhouse,monzo
Monzo,Staff Backend Engineer,"Cardiff, London or Remote (UK)",Engineering,"£115,000 - £150,000",,Were on a mission to make money work for everyone. Were waving goodbye to the complicated and confusing ways of traditional banking.,"Together you'll build and support a particular part of Monzo. Our squads belong to our wider collectives (a word we use to describe self-governing business units of ~100 people). They are: Core Banking, Business Banking, Wealth, Borrowing, Growth, Payments, Platform, Fincrime, Security & Expansion. All of our collectives are doing innovative work, many of which have machine learning and AI at the forefront- from fighting financial crime to building smarter financial tools - and you may have the opportunity to join a collective that gives you direct exposure to this exciting space. | Our backend engineers have a variety of different backgrounds. As long as you enjoy learning new things, wed love to talk to you. We do not ask for formal qualifications or degree requirements for any of our engineering roles. | We value meeting in person but theres no pressure to come into the office, even if you're nearby. We believe you'll do your best work if you are where you want to be. If you live outside of London and we ask you to come into the office, Monzo will support you with the costs. | you have strong experience working on the backend of a technology product | you have a product mindset: you care about customer outcomes and you want to make data-informed decisions | you have some experience with strongly-typed languages (Go, Java, C, Scala etc.).",https://job-boards.greenhouse.io/monzo/jobs/6636147,greenhouse,monzo
Monzo,"Staff Software Engineer, Product Integrity","Cardiff, London or Remote (UK)",Engineering,"£115,000 - £150,000",,Were on a mission to make money work for everyone. Were waving goodbye to the complicated and confusing ways of traditional banking.,"As Monzo expands internationally, we need ways to validate correctness, localisation, and customer experience | A Staff Engineer at Monzo is a technical (IC) leadership position. You will have wide influence, working with other collectives to grow Monzo. | Expect to be hands on and technical with code, using your software engineering and system building skills and expertise to lean in and solve deep technical challenges | To succeed in this role, you will need a strong background in both modern platform tooling and practical software development. | You have a track record of technical excellence, delivering resilient systems, ideally behind consumer products | You have technically led large teams to solve complex product challenges and manage trade-offs.",https://job-boards.greenhouse.io/monzo/jobs/7610052,greenhouse,monzo
Graphcore,2026 Graduate Firmware Engineer,"Bristol, UK",Graduates,,Graduate,"About us
Graphcore is one of the worlds leading innovators in Artificial Intelligence compute. It is developing hardware, software and systems infrastructure that will unlock the next generation of AI breakthroughs and power the widespread adoption of AI solutions across every industry.","Graphcores teams are drawn from diverse backgrounds and bring a broad range of skills and perspectives. A melting pot of AI research specialists, silicon designers, software engineers and systems architects, Graphcore enjoys a culture of continuous learning and constant innovation. | Introductory experience with C or Python",https://job-boards.greenhouse.io/graphcore/jobs/8238597002,greenhouse,graphcore
Graphcore,2026 Graduate IT Infrastructure Engineer,"Bristol, UK",Graduates,,Graduate,"About us
Graphcore is one of the worlds leading innovators in Artificial Intelligence compute. It is developing hardware, software and systems infrastructure that will unlock the next generation of AI breakthroughs and power the widespread adoption of AI solutions across every industry.","Graphcores teams are drawn from diverse backgrounds and bring a broad range of skills and perspectives. A melting pot of AI research specialists, silicon designers, software engineers and systems architects, Graphcore enjoys a culture of continuous learning and constant innovation. | Youll be supported with structured learning, mentorship, and increasing responsibility as your skills develop.",https://job-boards.greenhouse.io/graphcore/jobs/8425273002,greenhouse,graphcore
Graphcore,2026 Graduate Silicon Engineer,"Cambridge, UK",Graduates,,,"About Graphcore
At Graphcore, were building the future of AI compute. Were a team of semiconductor, software and AI experts, with deep experience in creating the complete AI compute stack - from silicon and software to infrastructure at datacenter scale.","Youll learn modern CPU and ASIC verification methodologies such as constrained random test generation and functional coverage and use those skills to verify our chips meet their specification. | You will gain experience with modern physical implementation steps including, but not limited to, synthesis, place and route, timing analysis, physical design checks, power integrity, logical equivalence. | All 3 roles involve using industry standard EDA tools which you will become familiar with. | We are looking for technical, passionate, and motivated individuals with a desire to learn, work and develop in a technically challenging, fast paced environment. | Able to evidence your technical skills in C/C++ or Python (2 or 3), for example through hobbies, projects or previous work experience. We are also keen to understand your technical skill level. | Strong team-working and excellent interpersonal skills",https://job-boards.greenhouse.io/graphcore/jobs/8360506002,greenhouse,graphcore
Graphcore,2026 Graduate Silicon Engineer,"Bristol, UK",Graduates,,,"About Graphcore
At Graphcore, were building the future of AI compute. Were a team of semiconductor, software and AI experts, with deep experience in creating the complete AI compute stack - from silicon and software to infrastructure at datacenter scale.","Youll learn modern CPU and ASIC verification methodologies such as constrained random test generation and functional coverage and use those skills to verify our chips meet their specification. | You will gain experience with modern physical implementation steps including, but not limited to, synthesis, place and route, timing analysis, physical design checks, power integrity, logical equivalence. | All 3 roles involve using industry standard EDA tools which you will become familiar with. | We are looking for technical, passionate, and motivated individuals with a desire to learn, work and develop in a technically challenging, fast paced environment. | Able to evidence your technical skills in C/C++ or Python (2 or 3), for example through hobbies, projects or previous work experience. We are also keen to understand your technical skill level. | Strong team-working and excellent interpersonal skills",https://job-boards.greenhouse.io/graphcore/jobs/8360495002,greenhouse,graphcore
Graphcore,2026 Graduate Software Engineer - AI/ ML Test Systems,"Bristol, UK",Graduates,,graduate,"About us
Graphcore is one of the worlds leading innovators in Artificial Intelligence compute. It is developing hardware, software and systems infrastructure that will unlock the next generation of AI breakthroughs and power the widespread adoption of AI solutions across every industry.","Graphcores teams are drawn from diverse backgrounds and bring a broad range of skills and perspectives. A melting pot of AI research specialists, silicon designers, software engineers and systems architects, Graphcore enjoys a culture of continuous learning and constant innovation. | Experience with Linux operating systems | Experience with distributed workload management systems such as Kubernetes, VLLM, Keras or MLOps pipelines | Experience with hardware architectures or compilers | Experience with test automation in a CI/CD environment",https://job-boards.greenhouse.io/graphcore/jobs/8245655002,greenhouse,graphcore
Graphcore,2026 Graduate Software Engineer - Analysis Tools,"Bristol, UK",Graduates,,Graduate,"About us
Graphcore is one of the worlds leading innovators in Artificial Intelligence compute. It is developing hardware, software and systems infrastructure that will unlock the next generation of AI breakthroughs and power the widespread adoption of AI solutions across every industry.","Graphcores teams are drawn from diverse backgrounds and bring a broad range of skills and perspectives. A melting pot of AI research specialists, silicon designers, software engineers and systems architects, Graphcore enjoys a culture of continuous learning and constant innovation. | As a Graduate Engineer in the Analysis Tools Team you will work as part of a team developing profiling tools to help users optimise their applications on Graphcore hardware | Problem-solving skills and ability to debug and resolve issues. | Communication and collaboration skills. | Experience with performance profiling tools. | Experience with relational databases.",https://job-boards.greenhouse.io/graphcore/jobs/8420657002,greenhouse,graphcore
Graphcore,2026 Graduate Software Engineer - Bristol,"Bristol, UK",Graduates,,,"About us
Graphcore is one of the worlds leading innovators in Artificial Intelligence compute. It is developing hardware, software and systems infrastructure that will unlock the next generation of AI breakthroughs and power the widespread adoption of AI solutions across every industry.","Graphcores teams are drawn from diverse backgrounds and bring a broad range of skills and perspectives. A melting pot of AI research specialists, silicon designers, software engineers and systems architects, Graphcore enjoys a culture of continuous learning and constant innovation. | Previous experience with low-level software including embedded or device drivers. This could be a personal or university project | Introductory experience with any of the following languages: C, C++, Python | Previously experience with hardware, perhaps with PCI cards or PC motherboards",https://job-boards.greenhouse.io/graphcore/jobs/8238605002,greenhouse,graphcore
Graphcore,2026 Graduate Software Engineer - DevOps,"Bristol, UK",Graduates,,,"About us
Graphcore is one of the worlds leading innovators in Artificial Intelligence compute. It is developing hardware, software and systems infrastructure that will unlock the next generation of AI breakthroughs and power the widespread adoption of AI solutions across every industry.","Graphcores teams are drawn from diverse backgrounds and bring a broad range of skills and perspectives. A melting pot of AI research specialists, silicon designers, software engineers and systems architects, Graphcore enjoys a culture of continuous learning and constant innovation. | Join our dynamic Software Infrastructure team and take a pivotal role in scaling and managing our infrastructure. You will develop essential tools and services that empower our broader software team. Your contributions will enhance the build, test, deployment, and productisation processes of our Machine Learning Software components. Work with our High-Performance Computing (HPC) AI platforms and gain invaluable experience in distributed systems. | Experience with Infrastructure as Code (IaC) tools (e.g. Terraform/OpenTofu) | Experience with GitHub Actions | Experience with build tools (e.g. CMake)",https://job-boards.greenhouse.io/graphcore/jobs/8282735002,greenhouse,graphcore
Graphcore,2026 Graduate Software Engineer - Drivers,"Cambridge, UK",Graduates,,,"About us
Graphcore is one of the worlds leading innovators in Artificial Intelligence compute. It is developing hardware, software and systems infrastructure that will unlock the next generation of AI breakthroughs and power the widespread adoption of AI solutions across every industry.","Graphcores teams are drawn from diverse backgrounds and bring a broad range of skills and perspectives. A melting pot of AI research specialists, silicon designers, software engineers and systems architects, Graphcore enjoys a culture of continuous learning and constant innovation. | Previous experience with low-level software including embedded or device drivers. This could be a personal or university project | Introductory experience with any of the following languages: C, C++, Python | Previously experience with hardware, perhaps with PCI cards or PC motherboards",https://job-boards.greenhouse.io/graphcore/jobs/8245742002,greenhouse,graphcore
Graphcore,2026 Graduate Software Engineer - Neuro Engine Modelling,"Bristol, UK",Graduates,,,"About us
Graphcore is one of the worlds leading innovators in Artificial Intelligence compute. It is developing hardware, software and systems infrastructure that will unlock the next generation of AI breakthroughs and power the widespread adoption of AI solutions across every industry.","Graphcores teams are drawn from diverse backgrounds and bring a broad range of skills and perspectives. A melting pot of AI research specialists, silicon designers, software engineers and systems architects, Graphcore enjoys a culture of continuous learning and constant innovation. | Possess effective problem-solving skills, familiar with a full suite of debug and performance analysis tools and techniques | Excellent written and verbal communication skills, work well within a multinational team and with multinational customers. Excellent cultural awareness is essential.",https://job-boards.greenhouse.io/graphcore/jobs/8418435002,greenhouse,graphcore
Graphcore,2026 Graduate Software Engineer - PyTorch,"Bristol, UK",Graduates,,,"About Us
Graphcore is one of the worlds leading innovators in Artificial Intelligence compute. It is developing hardware, software and systems infrastructure that will unlock the next generation of AI breakthroughs and power the widespread adoption of AI solutions across every industry.","Graphcores teams are drawn from diverse backgrounds and bring a broad range of skills and perspectives. A melting pot of AI research specialists, silicon designers, software engineers and systems architects, Graphcore enjoys a culture of continuous learning and constant innovation. | Reporting to a Team Lead in the frameworks team you will play a pivotal role in designing, implementing, optimising, maintaining and supporting the software required to ensure the machine learning accelerators that Graphcore develop enjoy first-class support in state-of-the-art machine learning frameworks such as PyTorch and Triton. | This role sees you joining our PyTorch team, where you will be part of a SCRUM team working on delivering new features, optimise performance, reviewing code changes, writing technical documentation, working with upstream communities, maintaining the code base and supporting users. | In this role you will closely collaborate with other engineers, both within the PyTorch team as well as other engineering teams. You will contribute to the delivery of complex, open-ended technical tasks and develop deep expertise in the PyTorch project. You understand the importance of managing code quality and code complexity and balancing this against the teams goals and deadlines.",https://job-boards.greenhouse.io/graphcore/jobs/8235270002,greenhouse,graphcore
Graphcore,2026 Graduate Software Engineer - Triton,"Bristol, UK",Graduates,,,"About Us
Graphcore is one of the worlds leading innovators in Artificial Intelligence compute. It is developing hardware, software and systems infrastructure that will unlock the next generation of AI breakthroughs and power the widespread adoption of AI solutions across every industry.","Graphcores teams are drawn from diverse backgrounds and bring a broad range of skills and perspectives. A melting pot of AI research specialists, silicon designers, software engineers and systems architects, Graphcore enjoys a culture of continuous learning and constant innovation. | Reporting to a Team Lead in the frameworks team you will play a pivotal role in designing, implementing, optimising, maintaining and supporting the software required to ensure the machine learning accelerators that Graphcore develop enjoy first-class support in using machine learning frameworks such as PyTorch and Triton. | This role sees you joining our Triton team, where you will be part of a SCRUM team working on delivering new features, optimise performance, reviewing code changes, writing technical documentation, working with upstream communities, maintaining the code base and supporting users. | Hands-on experience with Python/C++ development.",https://job-boards.greenhouse.io/graphcore/jobs/8238577002,greenhouse,graphcore
Graphcore,2026 Software Engineering Intern - Drivers,"Cambridge, UK",Internships,,,"About us
Graphcore is one of the worlds leading innovators in Artificial Intelligence compute. It is developing hardware, software and systems infrastructure that will unlock the next generation of AI breakthroughs and power the widespread adoption of AI solutions across every industry.","Graphcores teams are drawn from diverse backgrounds and bring a broad range of skills and perspectives. A melting pot of AI research specialists, silicon designers, software engineers and systems architects, Graphcore enjoys a culture of continuous learning and constant innovation. | Previous experience with low-level software including embedded or device drivers. This could be a personal or university project | Introductory experience with any of the following languages: C, C++, Python | Previously experience with hardware, perhaps with PCI cards or PC motherboards",https://job-boards.greenhouse.io/graphcore/jobs/8441356002,greenhouse,graphcore
Graphcore,2026 Software Engineering Intern - Drivers,"Bristol, UK",Internships,,,"About us
Graphcore is one of the worlds leading innovators in Artificial Intelligence compute. It is developing hardware, software and systems infrastructure that will unlock the next generation of AI breakthroughs and power the widespread adoption of AI solutions across every industry.","Graphcores teams are drawn from diverse backgrounds and bring a broad range of skills and perspectives. A melting pot of AI research specialists, silicon designers, software engineers and systems architects, Graphcore enjoys a culture of continuous learning and constant innovation. | Previous experience with low-level software including embedded or device drivers. This could be a personal or university project | Introductory experience with any of the following languages: C, C++, Python | Previously experience with hardware, perhaps with PCI cards or PC motherboards",https://job-boards.greenhouse.io/graphcore/jobs/8441333002,greenhouse,graphcore
Graphcore,2026 Software Engineering Intern - ML Kernels & Runtime Team,"Bristol, UK",Internships,,,"About Us
Graphcore is one of the worlds leading innovators in Artificial Intelligence compute. It is developing hardware, software and systems infrastructure that will unlock the next generation of AI breakthroughs and power the widespread adoption of AI solutions across every industry.","Graphcores teams are drawn from diverse backgrounds and bring a broad range of skills and perspectives. A melting pot of AI research specialists, silicon designers, software engineers and systems architects, Graphcore enjoys a culture of continuous learning and constant innovation. | We are looking for a Software Engineering Intern to join a team pioneering the development of high-performance machine learning (ML) kernels for a new generation of AI hardware. | In this role, you will contribute to building optimised compute kernels that support a wide range of ML operatorspowering applications from convolutional neural networks (CNNs) to large language models (LLMs). | You'll leverage low-level programming and hardware-aware optimisation techniques to extract maximum performance and efficiency from modern accelerators. This is a unique opportunity to work at the intersection of ML, numerical computing, and scalable systems. | You are open-minded and collaborative with interests in performance optimisation and memory-efficient designs, and you are looking to join a team of experts. | You are comfortable to discuss technical tradeoffs, receive feedback and iterate on solutions and you are drawn to technically challenging problems and use analyticals reasoning to navigate unfamiliar domains.",https://job-boards.greenhouse.io/graphcore/jobs/8441326002,greenhouse,graphcore
Graphcore,Board Manufacturing Test Engineer,"Bristol, UK",Engineering - Operations,,,"About Graphcore
At Graphcore, were building the future of AI compute.Were a team of semiconductor, software and AI experts, with deep experience in creating the complete AI compute stack - from silicon and software to infrastructure at datacenter scale.As part of the SoftBank Group, backed by significant long-term investment, we are delivering key technology into the fast-growing SoftBank AI ecosystem.To meet the vas",graphcore | were | building | future | compute.were | semiconductor,https://job-boards.greenhouse.io/graphcore/jobs/7777980002,greenhouse,graphcore
Graphcore,Component Engineer,"Bristol, UK",Engineering - Operations,,contract,"About Graphcore
At Graphcore, were building the future of AI compute.Were a team of semiconductor, software and AI experts, with deep experience in creating the complete AI compute stack - from silicon and software to infrastructure at datacenter scale.As part of the SoftBank Group, backed by significant long-term investment, we are delivering key technology into the fast-growing SoftBank AI ecosystem.To meet the vas","We are seeking a diligent and detail-oriented Component Engineer to join our Manufacturing Operations team in the UK. In this role, youll work closely with our Manufacturing, Test, Quality and Supply Chain teams to support both new product introduction and volume manufacturing. You'll work with internal stakeholders, component suppliers and external contract manufacturers, managing the specification, selection and sourcing of components required to manufacture our products to the appropriate performance, reliability, quality and yield. | Support the selection, evaluation, and qualification of electronic and electro-mechanical components to meet agreed design and manufacturing requirements. | Using published data, ensurecomponents and products meet industry compliance requirements for quality, emissions, safety and the environment. | Strong communication and stakeholder management skills to collaborate effectively across global teams. Detail-oriented with strong organisational and problem-solving skills.",https://job-boards.greenhouse.io/graphcore/jobs/8215495002,greenhouse,graphcore
Graphcore,DFT Engineer,"Bristol, UK; Cambridge, UK",Engineering - Silicon,,,"About Graphcore
At Graphcore, were building the future of AI compute. Were a team of semiconductor, software and AI experts, with deep experience in creating the complete AI compute stack - from silicon and software to infrastructure at datacenter scale.","We are expanding and looking for an experienced DFT engineers to join the Silicon team. As a part of our team, you will have the opportunity to work on next-generation AI designs targeted for data centers applications. | Work closely with design, verification, physical design and product engineering teams to integrate DFT requirements into the overall design process | Hands-on experience with Verilog RTL coding and familiarity with System Verilog | Strong scripting and debugging skills using programming languages like Python, TCL, Perl, Shell etc. | Strong problem-solving skills across various levels of design hierarchies | Great team working and communication skills",https://job-boards.greenhouse.io/graphcore/jobs/8383085002,greenhouse,graphcore
Graphcore,"Director, Silicon Verification","Bristol, UK",Verification,,,"About Graphcore
At Graphcore, were building the future of AI compute. Were a team of semiconductor, software and AI experts, with deep experience in creating the complete AI compute stack - from silicon and software to infrastructure at datacenter scale.","As a Director of Silicon Verification, you will help lead this multi-site organisation, define verification strategies across multiple silicon programs, and drive best in class execution to ensure high-quality, high-performance silicon delivery. | Extensive verification leadership experience within CPU, GPU, ASIC or SoC environments. | Strong communication, collaboration and stakeholder management skills across global sites. | Experience with assembly languages and compiler toolchains (LLVM, GCC). | Experience with XML, XPath/XSLT.",https://job-boards.greenhouse.io/graphcore/jobs/8331005002,greenhouse,graphcore
Graphcore,Graduate Software Engineer - ML Kernels & Runtime Team,"Bristol, UK",Graduates,,Graduate,"About Us
Graphcore is one of the worlds leading innovators in Artificial Intelligence compute. It is developing hardware, software and systems infrastructure that will unlock the next generation of AI breakthroughs and power the widespread adoption of AI solutions across every industry.","Graphcores teams are drawn from diverse backgrounds and bring a broad range of skills and perspectives. A melting pot of AI research specialists, silicon designers, software engineers and systems architects, Graphcore enjoys a culture of continuous learning and constant innovation. | We are looking for a Graduate Software Engineer to join a team pioneering the development of high-performance machine learning (ML) kernels for a new generation of AI hardware. | In this role, you will contribute to building optimised compute kernels that support a wide range of ML operatorspowering applications from convolutional neural networks (CNNs) to large language models (LLMs). | You'll leverage low-level programming and hardware-aware optimisation techniques to extract maximum performance and efficiency from modern accelerators. This is a unique opportunity to work at the intersection of ML, numerical computing, and scalable systems. | You are open-minded and collaborative with interests in performance optimisation and memory-efficient designs, and you are looking to join a team of experts. | You are comfortable to discuss technical tradeoffs, receive feedback and iterate on solutions and you are drawn to technically challenging problems and use analyticals reasoning to navigate unfamiliar domains.",https://job-boards.greenhouse.io/graphcore/jobs/8230202002,greenhouse,graphcore
Graphcore,Hardware Development Engineer,"Bristol, UK",Engineering - Hardware,,,"About Graphcore
v
At Graphcore, were building the future of AI compute.Were a team of semiconductor, software and AI experts, with deep experience in creating the complete AI compute stack - from silicon and software to infrastructure at datacenter scale.As part of the SoftBank Group, backed by significant long-term investment, we are delivering key technology into the fast-growing SoftBank AI ecosystem.To meet the v","As a hardware development engineer you will analyse system requirements and design circuit solutions, in collaboration with Graphcores Silicon, Architecture and Software Teams. | You will be expert in microprocessor system design and debug, with a deep understanding of processor power supply, reset & clocking requirements, memory, communications and control interfaces. | Circuit design, requirements analysis, functional definition, and component selection | We appreciate not everyone will meet all of the criteria. If you meet most of the requirements below and believe you can bring value to this role, wed love to hear from you. | Knowledge of DCDC voltage (including multi-phase) regulators, linear regulators and PCB design requirements for efficient power delivery | Excellent communications skills with the ability to work both independently and as part of a small team, taking responsibility and willing to participate in all parts of the development cycle",https://job-boards.greenhouse.io/graphcore/jobs/8309274002,greenhouse,graphcore
Graphcore,Infrastructure and MLOps Engineer,"Bristol, UK; Cambridge, UK",Infrastructure/QA,,,"About Graphcore
At Graphcore, were building the future of AI compute. Were a team of semiconductor, software and AI experts, with deep experience in creating the complete AI compute stack - from silicon and software to infrastructure at datacenter scale.","Join our dynamic Software Infrastructure team and take a pivotal role in scaling and managing our infrastructure. You will develop essential tools and services that empower our broader software team. Your contributions will enhance the build, test, deployment, and productisation processes of our Machine Learning Software components. Work with our High-Performance Computing (HPC) AI platforms and gain invaluable experience in distributed systems | Experience with Infrastructure as Code (IaC) tools (e.g. Terraform/OpenTofu) | Experience with GitHub Actions | Experience with modern observability tooling (e.g. Prometheus)",https://job-boards.greenhouse.io/graphcore/jobs/8420380002,greenhouse,graphcore
Graphcore,Logical Design Engineer,"Cambridge, UK",Logical/RTL,,,"About Graphcore
At Graphcore, were building the future of AI compute. Were a team of semiconductor, software and AI experts, with deep experience in creating the complete AI compute stack - from silicon and software to infrastructure at datacenter scale.",graphcore | were | building | future | compute. | semiconductor,https://job-boards.greenhouse.io/graphcore/jobs/8238561002,greenhouse,graphcore
Graphcore,Logical Design Engineer,"Bristol, UK",Logical/RTL,,,"About Graphcore
At Graphcore, were building the future of AI compute. Were a team of semiconductor, software and AI experts, with deep experience in creating the complete AI compute stack - from silicon and software to infrastructure at datacenter scale.",graphcore | were | building | future | compute. | semiconductor,https://job-boards.greenhouse.io/graphcore/jobs/8222160002,greenhouse,graphcore
Graphcore,Post Silicon Validation Engineer,"Bristol, UK",Silicon Architecture,,,"About Graphcore
Graphcore
is one of the worlds leading innovators in Artificial Intelligence compute. It is developing hardware, software and systems infrastructure that will unlock the next generation of AI breakthroughs and power the widespread adoption of AI solutions across every industry.","teams are drawn from diverse backgrounds and bring a broad range of skills and perspectives.A melting pot of AI research specialists, silicon designers, software engineers and systems architects, | We are looking to hire Post-Silicon Validation Engineers to join our collaborative, cross-functional development team validating cutting edge, high performance AI chips and platforms. You will play a critical role in supporting new product introductions and post-silicon validation. | Working within the Post-Silicon Validation team, you will be involved with bringing first silicon to life, functionally validating it and working closely with many other teams to help it become a fully characterised and working product, reporting project status/progress to program management on a regular basis. You will have the opportunity to, and be responsible for, leading, mentoring, and providing technical guidance to other engineering team members. In this role, you can leverage your experience and industry knowledge to architect and drive implementation of continuous improvements to test infrastructure and processes. | Excellent communication skills and the ability to collaborate with others to solve problems | Excellent problem-solving, analytical & diagnostic skills",https://job-boards.greenhouse.io/graphcore/jobs/8223577002,greenhouse,graphcore
Graphcore,Principal Post Silicon Lab Characterisation Engineer,"Bristol, UK",Bring-Up & Characterisation,,,"Graphcore is one of the worlds leading innovators in Artificial Intelligence compute. It is developing hardware, software and systems infrastructure that will unlock the next generation of AI breakthroughs and power the widespread adoption of AI solutions across every industry.","We are looking for a Principal Characterisation and Bring-Up engineer to work with Architecture, Silicon Engineering, Hardware Engineering, Operations (device manufacture) and Product teams to help create and execute the bring-up and characterisation of our cutting-edge silicon devices and system platforms. | We are seeking a highly experienced Principal PostSilicon Lab Characterisation Engineer to contribute to silicon bring-up, validation, and characterisation efforts for cutting-edge SoCs and IP blocks. This role is critical to ensuring first-pass success and delivering high-quality products to market. You will be part of a team of multi-level Engineers and work with similar international silicon characterisation teams. | Experience within a hands on lab environment performing measurements at bench level. | Programming skills in Python and Linux scripting for automation. | Experience with HPC/AI SoCs and advanced memory technologies (HBM, DDR5). | Background knowledge of ATE systems and capabilities. Whilst you will not be directly involved with such testing, some of the characterisation work will be performed on such systems",https://job-boards.greenhouse.io/graphcore/jobs/8393914002,greenhouse,graphcore
Graphcore,Senior Board Manufacturing Test Engineer,"Cambridge, UK",Engineering - Operations,,,"About Graphcore
At Graphcore, were building the future of AI compute.Were a team of semiconductor, software and AI experts, with deep experience in creating the complete AI compute stack - from silicon and software to infrastructure at datacenter scale.As part of the SoftBank Group, backed by significant long-term investment, we are delivering key technology into the fast-growing SoftBank AI ecosystem.To meet the vas",graphcore | were | building | future | compute.were | semiconductor,https://job-boards.greenhouse.io/graphcore/jobs/7918637002,greenhouse,graphcore
Graphcore,Senior Engineer - Cloud Development,"Bristol, UK",Engineering - Platform,,,"About Graphcore
At Graphcore, were building the future of AI compute. Were a team of semiconductor, software and AI experts, with deep experience in creating the complete AI compute stack - from silicon and software to infrastructure at datacenter scale.","We are looking for a Senior Engineer to join our Cloud Development Team and help develop and deploy services. Working closely with our colleagues in Platform Engineering, Datacentre Operations and Product Development teams, you will deploy services on our fleet of powerful AI systems. As part of our Platform Engineering organisation, you will be involved in the cloud integration, validation, performance benchmarking, optimisation, and development of our high-performance AI solutions. These include in-house AI systems alongside off-the-shelf high-performance servers, switches and storage solutions. This is a hand-on role requiring a solid background in use of cloud infrastructure, deployment using Infrastructure-as-Code, observability, high-performance networking and storage systems. You may have been working in an IT organisation, a datacentre, a cloud provider or as a developer of orchestration or cloud services. | We build Graphcore products into large-scale AI solutions for our customers and the Cloud Development Team is responsible for providing such systems to both internal users via private clouds and customers via our own public clouds. Often the internal systems will be using and developing pre-release hardware and software, so its vital you are comfortable with unproven components. | Develop and operate end-user services on our private clouds and support internal users in their use. You will turn end-user and product requirements into deployed services. | Skills and Experience [ALL REQUIRED] | Solid infrastructure or IT experience with a consistent track record of delivering technical output as an individual contributor. | Experience with a version control system (preferably Git) and using it to manage system configuration or automation.",https://job-boards.greenhouse.io/graphcore/jobs/8450607002,greenhouse,graphcore
Graphcore,Senior Machine Learning Engineer (Large Systems),"Cambridge, UK",Engineering - Applied AI,,,"About Graphcore
At Graphcore, were building the future of AI compute.Were a team of semiconductor, software and AI experts, with deep experience in creating the complete AI compute stack - from silicon and software to infrastructure at datacenter scale.As part of the SoftBank Group, backed by significant long-term investment, we are delivering key technology into the fast-growing SoftBank AI ecosystem.To meet the vas","As a Senior Machine Learning Engineer in the Applied AI team at Graphcore, you will contribute to advancing AI technology by developing and optimising AI models tailored to our specialised hardware. You will work on large scale systems where performance is critical to the success of our projects. Working closely with the Software development and Research teams, you will play a critical role in identifying opportunities to innovate and differentiate Graphcores technology. We seek engineers with strong technical skills and an understanding of AI model implementation at scale, eager to make a tangible impact in this rapidly evolving field. | The Applied AI teams role is to be proxies for our customers, we need to understand the latest AI models, applications, and software to ensure that Graphcores technology works seamlessly with the AI ecosystem and at scale. We build reference applications, contribute to key software libraries e.g. optimising kernels for efficiency on our hardware, and collaborate with the Research team to develop and publish novel ideas in domains such as efficient compute, model scaling and distributed training and inference of AI models for multiple modalities and applications. | Strong Python or C++ software development skills",https://job-boards.greenhouse.io/graphcore/jobs/8392727002,greenhouse,graphcore
Graphcore,Senior Machine Learning Engineer (Large Systems),"London, UK",Engineering - Applied AI,,,"About Graphcore
At Graphcore, were building the future of AI compute.Were a team of semiconductor, software and AI experts, with deep experience in creating the complete AI compute stack - from silicon and software to infrastructure at datacenter scale.As part of the SoftBank Group, backed by significant long-term investment, we are delivering key technology into the fast-growing SoftBank AI ecosystem.To meet the vas","As a Senior Machine Learning Engineer in the Applied AI team at Graphcore, you will contribute to advancing AI technology by developing and optimising AI models tailored to our specialised hardware. You will work on large scale systems where performance is critical to the success of our projects. Working closely with the Software development and Research teams, you will play a critical role in identifying opportunities to innovate and differentiate Graphcores technology. We seek engineers with strong technical skills and an understanding of AI model implementation at scale, eager to make a tangible impact in this rapidly evolving field. | The Applied AI teams role is to be proxies for our customers, we need to understand the latest AI models, applications, and software to ensure that Graphcores technology works seamlessly with the AI ecosystem and at scale. We build reference applications, contribute to key software libraries e.g. optimising kernels for efficiency on our hardware, and collaborate with the Research team to develop and publish novel ideas in domains such as efficient compute, model scaling and distributed training and inference of AI models for multiple modalities and applications. | Strong Python or C++ software development skills",https://job-boards.greenhouse.io/graphcore/jobs/8392730002,greenhouse,graphcore
Graphcore,Senior Machine Learning Engineer (Large Systems),"Bristol, UK",Engineering - Applied AI,,,"About Graphcore
At Graphcore, were building the future of AI compute.Were a team of semiconductor, software and AI experts, with deep experience in creating the complete AI compute stack - from silicon and software to infrastructure at datacenter scale.As part of the SoftBank Group, backed by significant long-term investment, we are delivering key technology into the fast-growing SoftBank AI ecosystem.To meet the vas","As a Senior Machine Learning Engineer in the Applied AI team at Graphcore, you will contribute to advancing AI technology by developing and optimising AI models tailored to our specialised hardware. You will work on large scale systems where performance is critical to the success of our projects. Working closely with the Software development and Research teams, you will play a critical role in identifying opportunities to innovate and differentiate Graphcores technology. We seek engineers with strong technical skills and an understanding of AI model implementation at scale, eager to make a tangible impact in this rapidly evolving field. | The Applied AI teams role is to be proxies for our customers, we need to understand the latest AI models, applications, and software to ensure that Graphcores technology works seamlessly with the AI ecosystem and at scale. We build reference applications, contribute to key software libraries e.g. optimising kernels for efficiency on our hardware, and collaborate with the Research team to develop and publish novel ideas in domains such as efficient compute, model scaling and distributed training and inference of AI models for multiple modalities and applications. | Strong Python or C++ software development skills",https://job-boards.greenhouse.io/graphcore/jobs/8392724002,greenhouse,graphcore
Graphcore,Senior/Principal Silicon Verification Engineer,"Bristol, UK; Cambridge, UK",Verification,,,"About Graphcore
At Graphcore, were building the future of AI compute. Were a team of semiconductor, software and AI experts, with deep experience in creating the complete AI compute stack - from silicon and software to infrastructure at datacenter scale.","We welcome people of different backgrounds and experiences and are committed to building an inclusive work environment that makes Graphcore a great home for everyone. We are an equal opportunity employer and want to build a work environment where everyone is happy, productive and respectful so they can do their best work. If you have a disability or additional need that requires accommodation, just let us know.",https://job-boards.greenhouse.io/graphcore/jobs/8424276002,greenhouse,graphcore
Graphcore,Senior Software Infrastructure Engineer,"Bristol, UK; Cambridge, UK",Infrastructure/QA,,graduate,"About Graphcore
Graphcore is one of the worlds leading innovators in Artificial Intelligence compute. It is developing hardware, software and systems infrastructure that will unlock the next generation of AI breakthroughs and power the widespread adoption of AI solutions across every industry.","Graphcores teams are drawn from diverse backgrounds and bring a broad range of skills and perspectives.A melting pot of AI research specialists, silicon designers, software engineers and systems architects, Graphcore enjoys a culture of continuous learning and constant innovation. | Join our dynamic Software Infrastructure team and take a pivotal role in scaling and managing our infrastructure. You will develop essential tools and services that empower our broader software team. Your contributions will enhance the build, test, deployment, and productisation processes of our Machine Learning Software components. Work with our High-Performance Computing (HPC) AI platforms and gain invaluable experience in distributed systems. | Experience with Infrastructure as Code (IaC) tools (e.g. Terraform/OpenTofu) | Experience with GitHub Actions | Experience with build tools (e.g. CMake) | Experience with modern observability tooling (e.g. Prometheus)",https://job-boards.greenhouse.io/graphcore/jobs/8375821002,greenhouse,graphcore
Graphcore,Senior Staff ML Engineer,"Cambridge, UK",Infrastructure/QA,,,"About Graphcore
At Graphcore, were building the future of AI compute. Were a team of semiconductor, software and AI experts, with deep experience in creating the complete AI compute stack - from silicon and software to infrastructure at datacenter scale.","Applicants for this role should have strong experience working with machine learning systems and frameworks, along with a solid understanding of core AI concepts and model behaviour. The role centres on testing, validating, and benchmarking a complex ML software stack, with a particular focus on performance, reliability, and correctness across modern AI workloads. | Hands-on experience with one or more major ML frameworks such as | Strong analytical and debugging skills, with the ability to reason about model behaviour and system performance. | Experience with hardware-accelerated ML, compilers, or system-level performance considerations.",https://job-boards.greenhouse.io/graphcore/jobs/8418687002,greenhouse,graphcore
Graphcore,Senior Staff ML Engineer,"Bristol, UK",Infrastructure/QA,,,"About Graphcore
At Graphcore, were building the future of AI compute. Were a team of semiconductor, software and AI experts, with deep experience in creating the complete AI compute stack - from silicon and software to infrastructure at datacenter scale.","Applicants for this role should have strong experience working with machine learning systems and frameworks, along with a solid understanding of core AI concepts and model behaviour. The role centres on testing, validating, and benchmarking a complex ML software stack, with a particular focus on performance, reliability, and correctness across modern AI workloads. | Hands-on experience with one or more major ML frameworks such as | Strong analytical and debugging skills, with the ability to reason about model behaviour and system performance. | Experience with hardware-accelerated ML, compilers, or system-level performance considerations.",https://job-boards.greenhouse.io/graphcore/jobs/8408498002,greenhouse,graphcore
Graphcore,Senior Staff Software Engineer,"Cambridge, UK",Infrastructure/QA,,,"About Graphcore
At Graphcore, were building the future of AI compute. Were a team of semiconductor, software and AI experts, with deep experience in creating the complete AI compute stack - from silicon and software to infrastructure at datacenter scale.","Applicants for this role should have strong experience designing, developing, and maintaining high-quality software systems. The role focuses on testing and validating a complex machine learning software stack, with particular emphasis on software architecture, automation, and engineering best practices. | Strong software design and architecture skills, with experience working on large or complex systems. | Solid experience with CI/CD systems and automated testing (preferably GitHub-based workflows). | Strong problem-solving skills and a proactive, self-directed approach to work. | Experience with distributed workload management systems such asKubernetes, VLLM, Keras or MLOpspipelines | Experience with people management or mentoring",https://job-boards.greenhouse.io/graphcore/jobs/8418688002,greenhouse,graphcore
Graphcore,Senior Staff Software Engineer,"Bristol, UK",Infrastructure/QA,,,"About Graphcore
At Graphcore, were building the future of AI compute. Were a team of semiconductor, software and AI experts, with deep experience in creating the complete AI compute stack - from silicon and software to infrastructure at datacenter scale.","Applicants for this role should have strong experience designing, developing, and maintaining high-quality software systems. The role focuses on testing and validating a complex machine learning software stack, with particular emphasis on software architecture, automation, and engineering best practices. | Strong software design and architecture skills, with experience working on large or complex systems. | Solid experience with CI/CD systems and automated testing (preferably GitHub-based workflows). | Strong problem-solving skills and a proactive, self-directed approach to work. | Experience with distributed workload management systems such asKubernetes, VLLM, Keras or MLOpspipelines | Experience with people management or mentoring",https://job-boards.greenhouse.io/graphcore/jobs/8408389002,greenhouse,graphcore
Graphcore,Senior Storage Engineer,"Bristol, UK",Infrastructure Solution ,,,"About Graphcore
At Graphcore, were building the future of AI compute. Were a team of semiconductor, software and AI experts, with deep experience in creating the complete AI compute stack - from silicon and software to infrastructure at datacenter scale.","the architecture, performance, and management of the storage solutions that power our demanding EDA and HPC workloads. You will be the expert on all things storage, from high-performance parallel file systems to object storage and backup/recovery | solutions. Your primary goal is to provide a resilient, scalable, and cost-effective storage platform that meets the requirements of our chip design and software development workflows. | be joining a multidisciplinary team with strong technical skills and | culture. We work closely together and regularly share knowledge, and your skills will make a direct impact on our business. | Hands-on experience with parallel | Proven experience with backup, recovery, and DR strategies in a large-scale environment",https://job-boards.greenhouse.io/graphcore/jobs/8314025002,greenhouse,graphcore
Graphcore,Signal Integrity Engineer,"Bristol, UK; Cambridge, UK; London, UK",Engineering - Hardware,,,"About Graphcore
At Graphcore, were building the future of AI compute.Were a team of semiconductor, software and AI experts, with deep experience in creating the complete AI compute stack - from silicon and software to infrastructure at datacenter scale.As part of the SoftBank Group, backed by significant long-term investment, we are delivering key technology into the fast-growing SoftBank AI ecosystem.To meet the vas","You will work closely with the PCB and package substrate CAD engineers to design component signal launches from BGA components and connectors, layer transition via structures, and cable interconnect. You will define the low-loss materials to be used for future designs and work closely with Graphcores system architecture team and suppliers to ensure the best possible performance is achieved. You will be an expert user of high-speed PCB simulation tools and be familiar with industry best practice in high-speed digital system design. | Graphcore Integrated Circuit device interface requirements definition, tool & vendor relationships | Knowledge of high-speed circuit design requirements to ensure signal integrity and robust rejection of interference and crosstalk is essential | Experience with ANSYS SIWave, HFSS, and/or Mentor Hyperlynx Signal and Power Integrity tools | Independent working and the taking of responsibility, with excellent cooperative and communications skills to work in a small team environment | Experience working in a small team, which requires a wide range of skills, an eagerness to participate in all parts of the development cycle from concept to testing in the lab and supporting manufacture and customers.",https://job-boards.greenhouse.io/graphcore/jobs/8243739002,greenhouse,graphcore
Graphcore,Silicon Characterisation Engineer,"Bristol, UK",Bring-Up & Characterisation,,,"About Graphcore
Graphcore
is one of the worlds leading innovators in Artificial Intelligence compute. It is developing hardware, software and systems infrastructure that will unlock the next generation of AI breakthroughs and power the widespread adoption of AI solutions across every industry.","teams are drawn from diverse backgrounds and bring a broad range of skills and perspectives.A melting pot of AI research specialists, silicon designers, software engineers and systems architects, | We are looking for a Characterisation and Bring-Up engineer to work with Architecture, Silicon Engineering, Hardware Engineering, Operations (device manufacture) and Product teams to help create and execute the bring-up and characterisation of our cutting-edge silicon devices and system platforms. Graphcore design and develop leading edge silicon processors and high-power high-speed blade systems at the forefront of AI technology. As such you will need to develop a detailed understanding of our silicon and platform products. | Understand the architecture and design of silicon devices and systems, and clearly document the requirements for characterisation. | Background knowledge of ATE systems and capabilities. Whilst you will not be directly involved with such testing, some of the characterisation work will be performed on such systems.",https://job-boards.greenhouse.io/graphcore/jobs/8380920002,greenhouse,graphcore
Graphcore,Silicon Physical Design Engineer,"Bristol, UK; Cambridge, UK",Physical Design,,,"About Graphcore
At Graphcore, were building the future of AI compute. Were a team of semiconductor, software and AI experts, with deep experience in creating the complete AI compute stack - from silicon and software to infrastructure at datacenter scale.","We are looking for high-quality silicon physical design engineers to complement our existing exceptional team. We have a range of roles available with focus on those with extensive ranges of skills and experience although exceptional candidates with less experience will be considered. We want people who work collaboratively and proactively within a team focusing on collectively achieving our goals and creating the right engineering solutions. Good communication is essential, as is the ability to adapt and learn we value the right characteristics more than specific experience. | For the successful candidate we offer an open, honest and collaborative environment working on leading-edge designs at the most advanced nodes. Our engineers are not siloed, and they are trusted and encouraged to take ownership of their designs and problem solutions. You will become part of a team that looks for improvements to everything we do: our designs, our flows, our methodologies, our infrastructure. | Enjoy taking responsibility and improving skills and knowledge | Excellent problem-solving skills for debugging issues seen and finding root causes",https://job-boards.greenhouse.io/graphcore/jobs/8383084002,greenhouse,graphcore
Graphcore,Silicon Verification Engineer,"Bristol, UK; Cambridge, UK",Verification,,,"About Graphcore
At Graphcore, were building the future of AI compute. Were a team of semiconductor, software and AI experts, with deep experience in creating the complete AI compute stack - from silicon and software to infrastructure at datacenter scale.","We welcome people of different backgrounds and experiences and are committed to building an inclusive work environment that makes Graphcore a great home for everyone. We are an equal opportunity employer and want to build a work environment where everyone is happy, productive and respectful so they can do their best work. If you have a disability or additional need that requires accommodation, just let us know.",https://job-boards.greenhouse.io/graphcore/jobs/8383035002,greenhouse,graphcore
Graphcore,Silicon Verification Lead,"Bristol, UK; Cambridge, UK",Verification,,,"About Graphcore
At Graphcore, were building the future of AI compute. Were a team of semiconductor, software and AI experts, with deep experience in creating the complete AI compute stack - from silicon and software to infrastructure at datacenter scale.","We welcome people of different backgrounds and experiences and are committed to building an inclusive work environment that makes Graphcore a great home for everyone. We are an equal opportunity employer and want to build a work environment where everyone is happy, productive and respectful so they can do their best work. If you have a disability or additional need that requires accommodation, just let us know.",https://job-boards.greenhouse.io/graphcore/jobs/8426780002,greenhouse,graphcore
Graphcore,Software Engineer in Build Engineering,"Bristol, UK; Cambridge, UK",Infrastructure/QA,,,"About Graphcore
Graphcore is one of the worlds leading innovators in Artificial Intelligence compute. It is developing hardware, software and systems infrastructure that will unlock the next generation of AI breakthroughs and power the widespread adoption of AI solutions across every industry.","Graphcores teams are drawn from diverse backgrounds and bring a broad range of skills and perspectives.A melting pot of AI research specialists, silicon designers, software engineers and systems architects, Graphcore enjoys a culture of continuous learning and constant innovation. | Join our dynamic Software Infrastructure team and take a pivotal role in scaling and managing our infrastructure. You will develop essential tools and services that empower our broader software team. Your contributions will enhance the build, test, deployment, and productisation processes of our Machine Learning Software components. Work with our High-Performance Computing (HPC) AI platforms and gain invaluable experience in distributed systems. | tack. You will work closely with the QA and development teams to get an understanding of how our ML SW stack is built, helping to ensure good build practices, and proving that the stack | Experience with Remote Caching and Execution (e.g. Bazel) | Experience with Build Tools (e.g. CMake) | Experience with Testing Frameworks (e.g. PyTest, GoogleTest)",https://job-boards.greenhouse.io/graphcore/jobs/8420314002,greenhouse,graphcore
Graphcore,Software Engineer – ML Kernels & Runtime,"Bristol, UK",Engineering - Software,,,"About Graphcore
At Graphcore, were building the future of AI compute. Were a team of semiconductor, software and AI experts, with deep experience in creating the complete AI compute stack - from silicon and software to infrastructure at datacenter scale.","As a Software Engineer you will be responsible to safeguard the correctness, reliability, and performance of numerical libraries. Youll design and own end-to-end test strategies across native C++ components and validating low-level kernels. | Strong C/C++ and Python coding skills and solid Linux fundamentals | Possess excellent written and oral communication skills, good work ethics, high sense of team-work",https://job-boards.greenhouse.io/graphcore/jobs/8203287002,greenhouse,graphcore
Graphcore,Software Engineer - Pytorch,"Bristol, UK; Cambridge, UK",Engineering - Software,,,"About Graphcore
Graphcore is one of the worlds leading innovators in Artificial Intelligence compute. It is developing hardware, software and systems infrastructure that will unlock the next generation of AI breakthroughs and power the widespread adoption of AI solutions across every industry.","Graphcores teams are drawn from diverse backgrounds and bring a broad range of skills and perspectives.A melting pot of AI research specialists, silicon designers, software engineers and systems architects, Graphcore enjoys a culture of continuous learning and constant innovation. | Reporting to a Team Lead in the frameworks team you will play a pivotal role in designing, implementing, optimising, maintaining and supporting the software required to ensure the machine learning accelerators that Graphcore develop, enjoy first-class support in state-of-the-art machine learning frameworks such as PyTorch and Triton. | This role sees you joining our PyTorch team, where you will be part of a SCRUM team working on delivering new features, optimise performance, reviewing code changes, writing technical documentation, working with upstream communities, maintaining the code base and supporting users. | In this role you will closely collaborate with other engineers, both within the PyTorch team as well as other engineering teams. You help the team coordinate and deliver complex, open-ended technical tasks. You are pro-active and an excellent communicator. You will develop deep expertise in the PyTorch project and will (in time) contribute to the teams technical direction and processes. You understand the importance of managing code quality and code complexity and balancing this against the need to deliver business outcomes. | Demonstrable strong software engineering skills.",https://job-boards.greenhouse.io/graphcore/jobs/8195293002,greenhouse,graphcore
Graphcore,Software Engineer - Triton,"Bristol, UK; Cambridge, UK",Engineering - Software,,,"About Graphcore
Graphcore is one of the worlds leading innovators in Artificial Intelligence compute. It is developing hardware, software and systems infrastructure that will unlock the next generation of AI breakthroughs and power the widespread adoption of AI solutions across every industry.","Graphcores teams are drawn from diverse backgrounds and bring a broad range of skills and perspectives.A melting pot of AI research specialists, silicon designers, software engineers and systems architects, Graphcoreenjoys a culture of continuous learning and constant innovation. | Reporting to a Team Lead in the frameworks team you will play a pivotal role in designing, implementing, optimising, maintaining and supporting the software required to ensure the machine learning accelerators that Graphcore develop enjoy first-class support in state-of-the-art machine learning frameworks such as PyTorch and Triton | This role sees you joining our Triton team, where you will be part of a SCRUM team working on delivering new features, optimise performance, reviewing code changes, writing technical documentation, working with upstream communities, maintaining the code base and supporting users. | In this role you will closely collaborate with other engineers, both within the Triton team as well as other engineering teams. You help the team coordinate and deliver complex, open-ended technical tasks. You are pro-active and an excellent communicator. You will develop deep expertise in the Triton project and will (in time) contribute to the teams technical direction and processes. You understand the importance of managing code quality and code complexity and balancing this against the need to deliver business outcomes. | Demonstrable strong software engineering skills. | Experience with MLIR (or more generally: SSA-based IRs) is highly desirable.",https://job-boards.greenhouse.io/graphcore/jobs/7882364002,greenhouse,graphcore
Graphcore,Software Infrastructure Kubernetes Engineer,"Bristol, UK; Cambridge, UK",Infrastructure/QA,,,"About Graphcore
Graphcore is one of the worlds leading innovators in Artificial Intelligence compute. It is developing hardware, software and systems infrastructure that will unlock the next generation of AI breakthroughs and power the widespread adoption of AI solutions across every industry.","Graphcores teams are drawn from diverse backgrounds and bring a broad range of skills and perspectives.A melting pot of AI research specialists, silicon designers, software engineers and systems architects, Graphcore enjoys a culture of continuous learning and constant innovation. | Join our dynamic Software Infrastructure team and take a pivotal role in scaling and managing our infrastructure. You will develop essential tools and services that empower our broader software team. Your contributions will enhance the build, test, deployment, and productisation processes of our Machine Learning Software components. Work with our High-Performance Computing (HPC) AI platforms and gain invaluable experience in distributed system | Experience with Infrastructure as Code (IaC) tools (e.g. Terraform/OpenTofu) | Experience with GitHub Actions | Experience with distributed HPC systems | Experience with modern observability tooling (e.g. Prometheus)",https://job-boards.greenhouse.io/graphcore/jobs/8420432002,greenhouse,graphcore
Graphcore,Staff Post‑Silicon Lab Characterisation Engineer,"Bristol, UK",Bring-Up & Characterisation,,,"Graphcore is one of the worlds leading innovators in Artificial Intelligence compute. It is developing hardware, software and systems infrastructure that will unlock the next generation of AI breakthroughs and power the widespread adoption of AI solutions across every industry.","We are looking for a Staff Post-Silicon Lab Characterisation Engineer to work with Architecture, Silicon Engineering, Hardware Engineering, Operations (device manufacture) and Product teams to help create and execute the bring-up and characterisation of our cutting-edge silicon devices and system platforms. | We are seeking a highly experienced Staff PostSilicon Lab Characterisation Engineer to contribute to silicon bring-up, validation, and characterisation efforts for cutting-edge SoCs and IP blocks. This role is critical to ensuring first-pass success and delivering high-quality products to market. You will be part of a team of multi-level Engineers and work with similar international silicon characterisation teams. | Experience within a hands on lab environment performing measurements at bench level. | Programming skills in Python and Linux scripting for automation. | Experience with HPC/AI SoCs and advanced memory technologies (HBM, DDR5). | Background knowledge of ATE systems and capabilities. Whilst you will not be directly involved with such testing, some of the characterisation work will be performed on such systems",https://job-boards.greenhouse.io/graphcore/jobs/8393923002,greenhouse,graphcore
Graphcore,Staff System Software Engineer,"Cambridge, UK",Engineering - Software,,,"About Graphcore
At Graphcore, were building the future of AI compute. Were a team of semiconductor, software and AI experts, with deep experience in creating the complete AI compute stack - from silicon and software to infrastructure at datacenter scale.","code. You will be part of one of the | Possess effective problem-solving skills, familiar with a full suite of debug and performance analysis tools and techniques | Experience with one or more of the following: PCIe, CPU, device drivers, SoC, firmware, and hardware/software integration | Excellent written and verbal communication skills, work well within a multinational team and with multinational customers. Excellent cultural awareness is essential.",https://job-boards.greenhouse.io/graphcore/jobs/8460942002,greenhouse,graphcore
Graphcore,Staff System Software Engineer,"Bristol, UK",Engineering - Software,,,"About Graphcore
At Graphcore, were building the future of AI compute. Were a team of semiconductor, software and AI experts, with deep experience in creating the complete AI compute stack - from silicon and software to infrastructure at datacenter scale.","code. You will be part of one of the | Possess effective problem-solving skills, familiar with a full suite of debug and performance analysis tools and techniques | Experience with one or more of the following: PCIe, CPU, device drivers, SoC, firmware, and hardware/software integration | Excellent written and verbal communication skills, work well within a multinational team and with multinational customers. Excellent cultural awareness is essential.",https://job-boards.greenhouse.io/graphcore/jobs/8460920002,greenhouse,graphcore
Graphcore,Staff System Software Engineer in Test – Firmware,"Bristol, UK",Engineering - Software,,,"About Graphcore
At Graphcore, were building the future of AI compute. Were a team of semiconductor, software and AI experts, with deep experience in creating the complete AI compute stack - from silicon and software to infrastructure at datacenter scale.","As a System Software Engineer in Test, You will be responsible for design, development, execution and reporting of test and test harness to verify and validate firmware. | You will be involved with the development team from the early phases to the final production software and ensure maximum coverage of functionality. | You will be working with different Hardware configurations and required to collaborate closely with Hardware, bring up and drivers teams to ensure our firmware plugs in seamlessly. | As a senior member of the team, you will mentor junior members and raise the testing standards of the team. | Experience with testing low level drivers and interfaces. | Possess excellent written and oral communication skills, good work ethics, high sense of teamwork, love to produce quality work and commitment to finish your tasks every single day. You are a self-starter who loves to find creative solutions to challenging problems.",https://job-boards.greenhouse.io/graphcore/jobs/8462396002,greenhouse,graphcore
Graphcore,Test Development Engineer - Electronic Hardware,"Bristol, UK",Engineering - Hardware,,,"Test Development Engineer - Electronic Hardware
About Us
At Graphcore, were building the future of AI compute.Were a team of semiconductor, software and AI experts, with deep experience in creating the complete AI compute stack - from silicon and software to infrastructure at datacenter scale.As part of the SoftBank Group, backed by significant long-term investment, we are delivering key technology into the fast-grow","We are looking for a high-quality Test Development Engineer to complement our existing team. You will be working closely with the hardware and software development teams to develop and maintain test systems in support of preproduction test solutions. You will report to the Hardware test team lead, the test team is embedded within the Hardware team. We want people who work collaboratively and proactively within our teams. Our engineers are not siloed, and they are trusted and encouraged to take ownership of their tasks and develop test solutions that meet our requirements. We value team players and the right characteristics are more important than academic qualification or specific experience. | Strong written and oral communications, team-working and interpersonal skills",https://job-boards.greenhouse.io/graphcore/jobs/8318154002,greenhouse,graphcore
